{
    "scientific computing": 409081.7393027224,
    "math / misc": 401443.6142645442,
    "optimization": 468319.8630701831,
    "chemistry and bio": 409441.5708594686,
    "graph analytics": 197655.1443327151,
    "circuit simulation": 251799.03688515228,
    "other": 118933.4481308025,
    "machine learning / data": 449019.61858075677
}