{
    "graph analytics": 166833.92753658438,
    "scientific computing": 301951.37165496405,
    "circuit simulation": 205027.84312861503,
    "other": 113119.38099298734,
    "machine learning / data": 327316.03639919695,
    "optimization": 338605.7804923118,
    "chemistry and bio": 299640.9987662656,
    "math / misc": 300194.6665271494
}