{
    "graph analytics": 175753.19926880306,
    "optimization": 345221.1370431378,
    "math / misc": 308918.9243786659,
    "circuit simulation": 203205.6468140232,
    "scientific computing": 298136.69735673483,
    "machine learning / data": 328428.6326601432,
    "other": 111642.82673367442,
    "chemistry and bio": 300067.2614090356
}